group,names,scores,logfoldchanges,pvals,pvals_adj
CD4-Th_Tumor,B3GALT2,3.8123035,4.65608,0.00013767769755475788,0.00048391253647498084
CD4-Treg_Tumor,FOXP3,17.772234,9.019729,1.1597766880325075e-70,5.028583998111096e-69
CD4-Treg_Tumor,LAIR2,4.1807265,7.009485,2.905790037284269e-05,9.27957499997523e-05
CD4-Treg_Tumor,GNG8,4.6847134,6.735691,2.8035222625658582e-06,9.887776818397999e-06
CD4-naive_Tumor,CD40LG,3.6399949,3.9734037,0.0002726435428509384,0.0005869058851292894
CD4-naive_Tumor,FXYD7,2.6543088,3.258666,0.007947103749860664,0.015218415552633636
CD4-naive_Tumor,RNF157,2.3582373,2.2330937,0.01836195585744736,0.033871191723495335
CD8-Tem_Tumor,DTHD1,9.7075615,5.664247,2.799547398468912e-22,1.5135270209464371e-21
CD8-Tem_Tumor,PACSIN1,2.5291317,5.035926,0.011434511546910366,0.023255955223179425
CD8-Tem_Tumor,VNN2,2.402299,4.627514,0.016292384528747306,0.032450721327398645
Fibro-SFRP4_Tumor,CADM3,4.351523,6.814854,1.3519504260765482e-05,6.92869624419707e-05
Fibro-SFRP4_Tumor,WIF1,3.3871772,6.632409,0.0007061574136220201,0.0027922694463320807
Fibro-SFRP4_Tumor,AFP,4.12612,6.4899077,3.689342882454455e-05,0.0001774917097465668
Fibro-major_Normal,CAPN6,3.9097157,6.0387454,9.24048695371101e-05,0.0004121332845526686
Fibro-major_Normal,FRMD1,2.837395,4.9622884,0.004548332084940624,0.015615014425943487
Fibro-major_Normal,DBX2,2.5149212,4.668783,0.011905898187116945,0.03749906133022196
Fibro-major_Tumor,SLC24A2,6.9477243,7.0973754,3.712255197142533e-12,1.3696995784545797e-11
Fibro-major_Tumor,KLK4,8.009791,6.4652486,1.1490291389167088e-15,4.7299382989457876e-15
Fibro-major_Tumor,ADAMTS16,3.0974817,6.2851396,0.0019517247819033853,0.004394027763959701
LummHR-SCGB_Tumor,DIO1,9.12257,6.171775,7.336332501708434e-20,2.306914586050478e-19
LummHR-SCGB_Tumor,HS3ST6,6.575408,5.927587,4.8519965589815174e-11,1.247901726767712e-10
LummHR-SCGB_Tumor,IGSF21,17.8053,5.480395,6.428749738108383e-71,4.3414609816051574e-70
LummHR-major_Normal,LPAR3,2.719302,2.3633559,0.006541983859478108,0.016675457541781725
LummHR-major_Normal,CTNND2,2.6082315,2.285144,0.009101139848157025,0.022687767098595102
LummHR-major_Normal,MNT,-2.3383176,-0.31212363,0.01937078230030485,0.04560755578742585
LummHR-major_Tumor,TUBA3E,2.6136675,6.491005,0.008957616304733313,0.01530848634096496
LummHR-major_Tumor,KRTAP3-2,10.267497,5.6118736,9.87331070410928e-25,2.810120927051351e-24
LummHR-major_Tumor,TUBA3D,4.3968215,5.4888744,1.0984753958971363e-05,2.1583165539947117e-05
Lumsec-KIT_Tumor,MAFA,3.7816024,4.2510166,0.00015582204044022377,0.0005221026845200116
Lumsec-basal_Normal,CLDN10,8.124776,4.741779,4.481909332976551e-16,3.354215529144753e-15
Lumsec-basal_Normal,CSN1S1,4.288814,4.626049,1.796295095276173e-05,6.923799980244074e-05
Lumsec-basal_Normal,SERPINB7,6.9019156,4.241206,5.130595665107415e-12,3.155479267566064e-11
Lumsec-basal_Tumor,VGLL1,4.7400503,6.1216016,2.136649655598122e-06,1.7451641751206778e-05
Lumsec-basal_Tumor,KRTAP2-3,9.423462,5.6919365,4.364535256759498e-21,1.2615895443668002e-19
Lumsec-basal_Tumor,GSTA1,5.555621,5.3366156,2.7662643290764077e-08,2.863182141080866e-07
Lumsec-prol_Tumor,SPC25,10.43019,10.2453,1.8052637967895938e-25,2.7845794670834176e-23
Lumsec-prol_Tumor,PBK,11.424761,9.293164,3.1451976685373614e-30,7.213262547711344e-28
Lumsec-prol_Tumor,HJURP,7.913549,9.207227,2.5015353684446097e-15,1.1414073683766898e-13
Macro-lipo_Tumor,MCEMP1,3.8354561,8.979352,0.00012533144289427763,0.0006365172056081757
Macro-lipo_Tumor,TREM2,4.6423373,8.017723,3.4448991350479736e-06,2.1459825562503995e-05
Macro-lipo_Tumor,LILRB2,7.71956,7.9060106,1.1673187079642186e-14,1.4158917940025283e-13
Macro-m2-CXCL_Tumor,NIPAL4,4.8231554,5.868719,1.413047370806617e-06,9.765826991736453e-06
Macro-m2-CXCL_Tumor,HTRA4,4.802038,5.4282646,1.5705855312691993e-06,1.0781924304853148e-05
Macro-m2-CXCL_Tumor,FOLR2,2.4692614,4.9527335,0.013539223987798448,0.049065677701575196
Mast_Tumor,GATA1,6.628209,9.473623,3.3978373875637886e-11,2.532035299924619e-10
Mast_Tumor,SIGLEC6,4.7632623,9.136103,1.9048810881956004e-06,9.128973705595084e-06
Mast_Tumor,TRIM63,5.2159696,9.077504,1.8285830176445043e-07,9.705299024830607e-07
NK-ILCs_Tumor,SH2D1B,4.909967,7.922236,9.109185187208958e-07,4.511881154107762e-06
NK-ILCs_Tumor,KLRF1,5.8989053,7.194981,3.6592146846520133e-09,2.379854923637485e-08
NK-ILCs_Tumor,ADGRG3,2.366046,6.0949593,0.01797921395563166,0.04712457508192377
Vas-capillary_Tumor,VIP,2.6778905,3.981964,0.007408742019356854,0.019057611186155544
Vas-capillary_Tumor,TMCC2,2.3861225,3.4003015,0.017027081639833172,0.04111123881178726
Vas-capillary_Tumor,LRIG2,-2.5092752,-1.0304465,0.012097916200504998,0.02992714722889613
Vas-venous_Tumor,PHOSPHO1,2.9744866,6.907054,0.002934792856228731,0.01467817488782404
Vas-venous_Tumor,SLCO2A1,3.5651398,5.4597282,0.00036366240646362415,0.002210894923146484
Vas-venous_Tumor,SLC10A6,3.1777759,5.4018536,0.0014840947245473018,0.00794953013179455
basal_Normal,MRGPRX3,4.012684,6.0801854,6.003224426641189e-05,0.0007122954510303331
basal_Normal,SLC27A6,3.5827196,5.386661,0.00034003561985772817,0.003311073102860448
basal_Normal,RNF183,4.059156,4.0094166,4.925043314604253e-05,0.0006008727883011848
basal_Tumor,LMOD1,4.0668716,4.51274,4.764844482854941e-05,0.0005015171457497683
basal_Tumor,NOG,2.8533564,3.736045,0.00432600875929325,0.02773164129256394
basal_Tumor,KLHL13,3.4730952,3.6800802,0.0005144930526319877,0.004226019748998844
bmem_switched_Tumor,COL19A1,2.6634676,8.700417,0.007733987058444054,0.018735704576605956
bmem_switched_Tumor,TCL1A,3.4129863,8.16944,0.0006425515944245555,0.0018081489006813048
bmem_switched_Tumor,FCER2,2.2989628,7.842661,0.021507044478187236,0.04871576156657616
bmem_unswitched_Tumor,FCRL4,5.6834774,8.753288,1.3198331928366465e-08,2.605287944636778e-07
bmem_unswitched_Tumor,CD1C,3.9299557,7.404049,8.496154542156394e-05,0.000887285642119748
bmem_unswitched_Tumor,CLEC17A,4.03871,6.7537274,5.3745889444164657e-05,0.000584034197638273
mDC_Tumor,AOC1,4.001543,11.838259,6.293076918269915e-05,0.0009447745967738555
mDC_Tumor,LAMP3,17.337946,10.771255,2.4327980772749535e-67,2.4943335580530847e-64
mDC_Tumor,CCL17,7.977692,9.408492,1.4909498803156597e-15,8.605051792682764e-14
pericytes_Tumor,CCL21,4.525155,5.830129,6.035128922543466e-06,5.9836346484603305e-05
pericytes_Tumor,LGI4,3.2248082,5.613811,0.0012605708637540586,0.007758386354249026
pericytes_Tumor,FAM162B,3.3037984,5.46807,0.0009538440518660883,0.006052239469976672
plasma_IgA_Tumor,TNFRSF17,21.254763,9.854881,2.978647345181654e-100,2.2572966620224448e-97
plasma_IgA_Tumor,DUSP26,6.0219774,9.293736,1.722986901128928e-09,2.4006124449781943e-08
plasma_IgA_Tumor,DERL3,27.351984,8.92808,1.0227761910534184e-164,2.9711648350101803e-161
vsmc_Tumor,SRL,12.050127,7.057829,1.936513283694186e-33,1.1288771416317612e-31
vsmc_Tumor,FHL5,4.9599757,6.5385475,7.050198571713272e-07,6.8920337131218356e-06
vsmc_Tumor,RERGL,7.9282017,6.47885,2.2234164402927258e-15,5.019967429313758e-14
